City_ID,City,Country,Date,Lat,Lng,Max Temp,Humidity,Cloudiness,Wind Speed
0,Pangoa,PE,2020-11-04 07:07:44,-12.12,-73.0,70.63,66,64,2.44
1,Rikitea,PF,2020-11-04 07:07:44,-23.12,-134.97,73.02,81,72,19.62
2,Lebu,CL,2020-11-04 07:07:44,-37.62,-73.65,52.97,91,100,1.92
3,Kapaa,US,2020-11-04 07:06:13,22.08,-159.32,80.6,83,90,12.75
4,Ushuaia,AR,2020-11-04 07:07:45,-54.8,-68.3,48.2,57,75,10.29
5,Atuona,PF,2020-11-04 07:07:45,-9.8,-139.03,78.46,78,14,22.97
6,Dingle,PH,2020-11-04 07:07:45,11.0,122.67,83.17,80,100,2.89
7,Cape Town,ZA,2020-11-04 07:07:45,-33.93,18.42,75.0,64,20,18.34
8,Barrow,US,2020-11-04 07:04:08,71.29,-156.79,15.8,78,90,12.75
9,Faanui,PF,2020-11-04 07:07:46,-16.48,-151.75,79.66,82,100,18.1
10,Leningradskiy,RU,2020-11-04 07:07:46,69.38,178.42,2.66,84,0,8.41
11,Bluff,NZ,2020-11-04 07:07:46,-46.6,168.33,60.01,86,0,8.01
12,Torrijos,ES,2020-11-04 07:07:46,39.98,-4.28,53.01,64,97,14.27
13,Bethel,US,2020-11-04 07:07:46,41.37,-73.41,32.0,86,1,1.72
14,Dikson,RU,2020-11-04 07:07:46,73.51,80.55,1.54,92,0,7.58
15,Aswan,EG,2020-11-04 07:07:46,24.09,32.91,75.29,34,0,13.53
16,Gallup,US,2020-11-04 07:07:46,35.53,-108.74,39.2,55,1,10.47
17,Katsuura,JP,2020-11-04 07:07:47,35.13,140.3,64.0,39,20,5.82
18,Punta Arenas,CL,2020-11-04 07:05:36,-53.15,-70.92,44.6,93,90,12.75
19,Souillac,MU,2020-11-04 07:07:47,-20.52,57.52,77.0,53,20,14.99
20,Waslala,NI,2020-11-04 07:07:47,13.23,-85.38,69.3,95,100,9.15
21,Arman,RU,2020-11-04 07:07:47,59.7,150.17,25.41,94,48,9.26
22,Hobart,AU,2020-11-04 07:07:40,-42.88,147.33,64.4,39,75,18.34
23,New Norfolk,AU,2020-11-04 07:07:47,-42.78,147.06,64.0,47,92,1.01
24,Cidreira,BR,2020-11-04 07:07:48,-30.18,-50.21,59.0,81,0,11.56
25,Port Alfred,ZA,2020-11-04 07:07:48,-33.59,26.89,69.31,77,100,6.38
26,East London,ZA,2020-11-04 07:07:48,-33.02,27.91,69.8,88,75,10.29
27,Kamyzyak,RU,2020-11-04 07:07:48,46.11,48.07,48.2,81,0,4.47
28,Ferma,RU,2020-11-04 07:07:48,57.9,56.31,33.8,86,0,6.71
29,Bayshore Gardens,US,2020-11-04 07:07:48,27.43,-82.59,64.99,72,1,8.05
30,Upernavik,GL,2020-11-04 07:07:49,72.79,-56.15,22.12,97,100,10.4
31,Margate,GB,2020-11-04 07:07:49,51.38,1.39,51.01,87,0,3.0
32,Cayenne,GF,2020-11-04 07:04:43,4.93,-52.33,77.0,100,100,2.24
33,Mahebourg,MU,2020-11-04 07:07:49,-20.41,57.7,77.0,53,20,14.99
34,Hermanus,ZA,2020-11-04 07:07:49,-34.42,19.23,70.0,82,50,5.01
35,Tuktoyaktuk,CA,2020-11-04 07:07:49,69.45,-133.04,12.2,92,90,14.99
36,Kruisfontein,ZA,2020-11-04 07:07:49,-34.0,24.73,73.0,73,100,1.99
37,Kahului,US,2020-11-04 07:07:50,20.89,-156.47,78.8,78,40,16.11
38,Manaus,BR,2020-11-04 07:05:49,-3.1,-60.02,82.4,74,20,2.24
39,Ponta Do Sol,PT,2020-11-04 07:07:50,32.67,-17.1,62.6,67,75,20.8
40,Bambous Virieux,MU,2020-11-04 07:07:50,-20.34,57.76,78.01,53,20,14.99
41,Hami,CN,2020-11-04 07:07:50,42.8,93.45,55.35,33,0,3.04
42,Carnarvon,AU,2020-11-04 07:07:50,-24.87,113.63,80.6,57,0,19.46
43,Kaitangata,NZ,2020-11-04 07:07:50,-46.28,169.85,59.0,80,19,4.0
44,Ialibu,PG,2020-11-04 07:07:51,-6.28,143.99,57.56,99,100,1.39
45,Pokhara,NP,2020-11-04 07:07:51,28.23,83.98,79.43,33,1,5.19
46,Mayumba,GA,2020-11-04 07:07:51,-3.43,10.66,79.92,85,100,5.73
47,Khorixas,NA,2020-11-04 07:07:51,-20.37,14.97,71.13,23,0,3.58
48,Ozernovskiy,RU,2020-11-04 07:07:51,51.5,156.52,40.78,74,100,10.02
49,Arraial Do Cabo,BR,2020-11-04 07:07:51,-22.97,-42.03,66.88,89,100,14.67
50,Waw,SS,2020-11-04 07:07:52,7.7,28.0,84.97,62,65,4.68
51,Busselton,AU,2020-11-04 07:07:52,-33.65,115.33,73.99,29,100,7.87
52,Ulaangom,MN,2020-11-04 07:07:52,49.98,92.07,34.92,67,100,13.58
53,Roma,US,2020-11-04 07:07:52,43.21,-75.46,33.8,69,90,9.17
54,Mulege,MX,2020-11-04 07:07:52,26.88,-111.98,76.26,46,0,1.34
55,Waipawa,NZ,2020-11-04 07:07:52,-41.41,175.52,68.0,68,68,14.99
56,Pisco,PE,2020-11-04 07:07:53,-13.7,-76.22,61.0,82,0,3.36
57,Canatlan,MX,2020-11-04 07:07:53,24.52,-104.78,54.0,46,63,5.01
58,Tarsus,TR,2020-11-04 07:07:53,36.92,34.88,60.8,87,75,9.17
59,Mar Del Plata,AR,2020-11-04 07:07:53,-38.0,-57.56,59.0,70,100,13.0
60,Bredasdorp,ZA,2020-11-04 07:07:53,-34.53,20.04,68.0,82,88,8.05
61,Eskil,TR,2020-11-04 07:07:53,38.4,33.41,46.63,89,100,9.33
62,Travesia,HN,2020-11-04 07:07:54,15.87,-87.9,70.0,100,90,9.17
63,Mataura,NZ,2020-11-04 07:07:54,-46.19,168.86,60.01,86,4,8.01
64,Karpathos,GR,2020-11-04 07:07:54,35.51,27.21,69.8,68,75,17.22
65,Saint-Leu,RE,2020-11-04 07:07:54,-21.15,55.28,80.6,42,20,12.75
66,Tubuala,PA,2020-11-04 07:07:54,9.52,-79.03,80.6,78,40,9.17
67,Yellowknife,CA,2020-11-04 07:04:50,62.46,-114.35,6.8,77,90,9.17
68,Baglung,NP,2020-11-04 07:07:54,28.27,83.59,76.91,31,9,6.49
69,Ribeira Grande,PT,2020-11-04 07:07:55,38.52,-28.7,61.43,67,44,14.94
70,Saint-Philippe,RE,2020-11-04 07:07:55,-21.36,55.77,80.6,42,20,12.75
71,Bathsheba,BB,2020-11-04 07:07:55,13.22,-59.52,80.6,74,40,18.34
72,Cabo San Lucas,MX,2020-11-04 07:07:55,22.89,-109.91,75.0,82,0,3.0
73,North Battleford,CA,2020-11-04 07:07:55,52.78,-108.28,39.2,73,1,8.05
74,Chapais,CA,2020-11-04 07:07:55,49.78,-74.85,12.2,92,1,4.7
75,Yumen,CN,2020-11-04 07:07:55,40.28,97.2,53.76,31,2,16.17
76,Olafsvik,IS,2020-11-04 07:07:55,64.89,-23.71,46.26,95,100,20.65
77,Lampazos De Naranjo,MX,2020-11-04 07:07:56,27.02,-100.52,59.63,56,0,6.96
78,Chany,RU,2020-11-04 07:07:56,55.31,76.76,32.99,83,100,18.23
79,Ust-Kuyga,RU,2020-11-04 07:07:56,70.02,135.6,-8.39,88,1,3.91
80,Ushtobe,KZ,2020-11-04 07:07:56,45.25,77.98,48.94,45,86,4.74
81,Saskylakh,RU,2020-11-04 07:07:56,71.92,114.08,-1.52,92,94,4.34
82,Mporokoso,ZM,2020-11-04 07:07:56,-9.37,30.12,78.42,38,100,6.64
83,Diapaga,BF,2020-11-04 07:07:57,12.07,1.79,78.08,32,0,7.7
84,Avarua,CK,2020-11-04 07:07:57,-21.21,-159.78,75.2,78,100,25.64
85,Qaanaaq,GL,2020-11-04 07:07:57,77.48,-69.36,-5.28,81,92,3.31
86,Severo-Kurilsk,RU,2020-11-04 07:07:57,50.68,156.12,40.75,75,100,9.69
87,San Cristobal,VE,2020-11-04 07:07:57,7.77,-72.22,66.67,92,100,1.61
88,Narsaq,GL,2020-11-04 07:03:06,60.92,-46.05,35.6,80,100,10.29
89,Tiksi,RU,2020-11-04 07:07:58,71.69,128.87,5.86,95,100,4.72
90,Olga,RU,2020-11-04 07:07:58,43.74,135.29,36.75,66,0,12.21
91,Careiro Da Varzea,BR,2020-11-04 07:07:58,-3.2,-59.81,82.4,74,20,2.24
92,Kavaratti,IN,2020-11-04 07:07:58,10.57,72.64,86.0,74,40,4.7
93,Buraydah,SA,2020-11-04 07:07:58,26.33,43.98,68.0,34,0,2.24
94,Samarinda,ID,2020-11-04 07:07:59,-0.5,117.15,91.47,49,100,3.06
95,Kirakira,SB,2020-11-04 07:07:59,-10.45,161.92,81.95,78,100,5.73
96,Nova Olimpia,BR,2020-11-04 07:07:59,-14.8,-57.29,71.51,53,100,1.95
97,Dunedin,NZ,2020-11-04 07:04:49,-45.87,170.5,57.99,82,0,8.19
98,Puerto Ayora,EC,2020-11-04 07:07:59,-0.74,-90.35,68.0,95,83,5.99
99,Ponta Delgada,PT,2020-11-04 07:07:59,37.73,-25.67,59.0,67,75,5.82
100,Ranong,TH,2020-11-04 07:07:59,9.97,98.63,78.8,94,75,2.24
101,Mahon,ES,2020-11-04 07:08:00,39.89,4.27,62.6,67,75,13.87
102,Suhum,GH,2020-11-04 07:08:00,6.04,-0.45,77.0,94,1,4.7
103,Pelym,RU,2020-11-04 07:08:00,61.01,62.0,38.97,74,8,10.92
104,Nouadhibou,MR,2020-11-04 07:08:00,20.93,-17.03,68.0,60,0,12.75
105,Villazon,BO,2020-11-04 07:08:00,-22.09,-65.59,45.88,59,0,6.44
106,Zhigansk,RU,2020-11-04 07:08:00,66.77,123.37,-3.08,91,86,7.45
107,Vaini,TO,2020-11-04 07:08:01,-21.2,-175.2,75.2,88,75,12.75
108,Nanortalik,GL,2020-11-04 07:08:01,60.14,-45.24,36.57,81,100,18.63
109,Torbay,CA,2020-11-04 07:08:01,47.67,-52.73,46.99,100,90,31.09
110,La Ronge,CA,2020-11-04 07:08:01,55.1,-105.28,39.2,80,100,2.24
111,Pangnirtung,CA,2020-11-04 07:08:01,66.15,-65.71,11.79,79,85,12.75
112,Hobyo,SO,2020-11-04 07:08:01,5.35,48.53,83.62,71,47,14.12
113,Krasnaya Gora,RU,2020-11-04 07:08:02,53.0,31.6,46.4,93,90,2.24
114,Aden,YE,2020-11-04 07:04:43,12.78,45.04,81.09,69,20,13.8
115,Hilo,US,2020-11-04 07:08:02,19.73,-155.09,78.8,83,90,4.52
116,North Bend,US,2020-11-04 07:08:02,43.41,-124.22,60.01,93,90,9.17
117,Castro,BR,2020-11-04 07:08:02,-24.79,-50.01,49.77,96,4,3.71
118,Arlit,NE,2020-11-04 07:08:02,18.74,7.39,75.96,19,100,3.67
119,Rizhao,CN,2020-11-04 07:08:03,35.43,119.46,60.37,32,32,10.2
120,Sept-Iles,CA,2020-11-04 07:04:05,50.2,-66.38,19.4,62,0,8.05
121,Santa Luzia,BR,2020-11-04 07:08:03,-19.77,-43.85,60.8,93,75,5.82
122,Pasighat,IN,2020-11-04 07:08:03,28.07,95.33,77.92,76,23,2.68
123,Tateyama,JP,2020-11-04 07:08:03,34.98,139.87,64.4,48,40,4.7
124,Jamestown,US,2020-11-04 07:08:03,42.1,-79.24,45.0,65,1,8.05
125,Lakatoro,VU,2020-11-04 07:08:04,-16.1,167.42,79.65,81,100,3.94
126,Komsomolskiy,UZ,2020-11-04 07:08:04,40.43,71.72,55.4,30,0,2.24
127,Norman Wells,CA,2020-11-04 07:08:04,65.28,-126.83,-0.4,84,75,3.36
128,Geraldton,AU,2020-11-04 07:08:04,-28.77,114.6,77.0,50,93,21.92
129,Temiscaming,CA,2020-11-04 07:08:04,46.72,-79.1,30.2,80,99,8.05
130,Lavrentiya,RU,2020-11-04 07:08:04,65.58,-171.0,16.2,82,0,7.54
131,Iba,PH,2020-11-04 07:08:05,15.37,120.03,87.8,70,75,6.93
132,Bucak,TR,2020-11-04 07:08:05,37.46,30.59,71.01,61,40,12.75
133,Port Elizabeth,ZA,2020-11-04 07:08:05,-33.92,25.57,71.6,78,75,2.24
134,Cacoal,BR,2020-11-04 07:08:05,-11.44,-61.45,73.94,77,95,0.56
135,Hirara,JP,2020-11-04 07:08:05,24.8,125.28,75.2,53,75,17.22
136,Avera,US,2020-11-04 07:08:05,33.19,-82.53,41.0,50,1,1.54
137,Saldanha,ZA,2020-11-04 07:08:06,-33.01,17.94,60.8,87,79,4.7
138,Tasiilaq,GL,2020-11-04 07:08:06,65.61,-37.64,32.0,95,100,24.16
139,Kijang,KR,2020-11-04 07:08:06,35.24,129.21,57.2,10,0,9.17
140,Novikovo,RU,2020-11-04 07:08:06,51.15,37.89,50.11,86,0,3.83
141,Miranda,CO,2020-11-04 07:08:06,3.25,-76.23,68.0,88,75,4.7
142,Ayan,RU,2020-11-04 07:08:06,56.45,138.17,16.12,87,100,29.84
143,Garoua Boulai,CM,2020-11-04 07:08:06,5.88,14.55,70.61,87,88,5.3
144,Mizdah,LY,2020-11-04 07:08:06,31.45,12.98,61.14,59,60,2.91
145,Buchanan,LR,2020-11-04 07:08:07,5.88,-10.05,77.27,91,19,6.55
146,Vanino,RU,2020-11-04 07:08:07,49.09,140.25,27.45,80,0,12.41
147,Egvekinot,RU,2020-11-04 07:08:07,66.32,-179.17,7.39,80,100,0.94
148,Sabha,LY,2020-11-04 07:08:07,27.04,14.43,65.34,44,0,12.3
149,Sao Filipe,CV,2020-11-04 07:08:07,14.9,-24.5,76.84,76,100,4.65
150,Porto Novo,BJ,2020-11-04 07:08:07,6.5,2.6,80.6,88,40,4.7
151,Yar-Sale,RU,2020-11-04 07:08:07,66.83,70.83,26.85,99,100,2.19
152,Hasaki,JP,2020-11-04 07:08:08,35.73,140.83,64.0,33,20,9.17
153,Albany,US,2020-11-04 07:05:02,42.6,-73.97,34.0,70,0,2.98
154,Menongue,AO,2020-11-04 07:08:08,-14.66,17.69,76.6,46,100,5.26
155,Maceio,BR,2020-11-04 07:03:37,-9.67,-35.74,75.2,94,75,4.7
156,Ust-Kulom,RU,2020-11-04 07:08:08,61.69,53.69,38.59,92,100,10.09
157,Srednekolymsk,RU,2020-11-04 07:08:08,67.45,153.68,-2.42,87,94,14.67
158,Lompoc,US,2020-11-04 07:07:29,34.64,-120.46,57.2,87,90,4.7
159,Marrakesh,MA,2020-11-04 07:07:07,31.63,-8.01,60.8,87,40,4.7
160,Luderitz,NA,2020-11-04 07:08:09,-26.65,15.16,63.28,78,88,5.41
161,Erzin,TR,2020-11-04 07:08:09,36.96,36.2,59.0,100,40,9.17
162,Hambantota,LK,2020-11-04 07:08:09,6.12,81.12,87.8,70,90,4.7
163,Ketchikan,US,2020-11-04 07:05:50,55.34,-131.65,37.4,79,1,4.7
164,Victoria,HK,2020-11-04 07:08:09,22.29,114.16,77.0,61,11,1.01
165,Parana,AR,2020-11-04 07:08:09,-31.73,-60.52,64.0,68,0,4.0
166,Campbellsville,US,2020-11-04 07:08:09,37.34,-85.34,50.0,65,1,3.36
167,Latung,PH,2020-11-04 07:08:10,5.5,120.88,83.91,71,0,7.9
168,Le Passage,FR,2020-11-04 07:08:10,44.2,0.6,41.0,100,100,2.24
169,The Valley,AI,2020-11-04 07:08:10,18.22,-63.06,80.6,74,20,9.17
170,Palmer,US,2020-11-04 07:05:02,42.16,-72.33,32.0,80,90,3.36
171,Huanren,CN,2020-11-04 07:08:10,41.26,125.37,41.79,54,0,5.95
172,Soubre,CI,2020-11-04 07:08:11,5.79,-6.61,73.15,97,35,1.3
173,Georgetown,MY,2020-11-04 07:07:01,5.41,100.34,86.0,74,20,3.36
174,Puerto Baquerizo Moreno,EC,2020-11-04 07:08:11,-0.9,-89.6,68.18,80,64,10.02
175,Nimaparha,IN,2020-11-04 07:08:11,20.07,86.02,89.6,49,40,6.93
176,Arica,CL,2020-11-04 07:08:11,-18.48,-70.3,59.09,83,43,4.09
177,Butaritari,KI,2020-11-04 07:08:11,3.07,172.79,81.75,72,100,16.08
178,Dir,PK,2020-11-04 07:08:11,35.21,71.88,68.72,19,0,4.63
179,Campeche,MX,2020-11-04 07:08:12,19.0,-90.5,70.47,83,100,4.16
180,Tamandare,BR,2020-11-04 07:06:39,-8.76,-35.1,76.06,84,26,7.31
181,College,US,2020-11-04 07:04:30,64.86,-147.8,-22.0,67,20,0.67
182,Yatou,CN,2020-11-04 07:08:12,37.15,122.38,54.18,41,0,10.0
183,Naze,JP,2020-11-04 07:04:58,28.37,129.48,69.8,60,75,20.8
184,Sault Sainte Marie,CA,2020-11-04 07:08:12,46.52,-84.33,37.4,93,1,4.7
185,Coffs Harbour,AU,2020-11-04 07:08:12,-30.3,153.13,70.0,60,10,12.75
186,Luganville,VU,2020-11-04 07:08:12,-15.53,167.17,79.41,83,100,4.76
187,Port Blair,IN,2020-11-04 07:08:13,11.67,92.75,84.76,66,0,7.72
188,Santa Cruz De Tenerife,ES,2020-11-04 07:03:34,28.47,-16.25,70.0,82,75,4.7
189,Juneau,US,2020-11-04 07:05:28,58.3,-134.42,34.0,95,90,11.41
190,Paamiut,GL,2020-11-04 07:08:13,61.99,-49.67,33.46,88,100,29.1
191,Ziro,IN,2020-11-04 07:08:13,27.63,93.83,78.8,83,75,5.82
192,Karratha,AU,2020-11-04 07:08:13,-20.74,116.85,92.61,27,0,14.61
193,Caruaru,BR,2020-11-04 07:03:14,-8.28,-35.98,68.14,91,35,4.18
194,Apac,UG,2020-11-04 07:08:14,1.98,32.54,76.57,65,0,5.68
195,Ekimchan,RU,2020-11-04 07:08:14,53.07,132.97,13.21,88,95,8.97
196,Meulaboh,ID,2020-11-04 07:08:14,4.14,96.13,83.66,71,95,5.88
197,West Monroe,US,2020-11-04 07:04:50,32.52,-92.15,46.4,100,1,4.23
198,Brae,GB,2020-11-04 07:08:14,60.4,-1.35,46.4,75,75,25.28
199,Raga,SS,2020-11-04 07:08:15,8.46,25.68,83.25,49,45,3.8
200,Ribas Do Rio Pardo,BR,2020-11-04 07:08:15,-20.44,-53.76,64.26,52,0,2.15
201,Ilulissat,GL,2020-11-04 07:08:15,69.22,-51.1,33.8,74,100,18.34
202,Tolentino,IT,2020-11-04 07:08:15,43.21,13.29,57.99,89,89,1.59
203,Thompson,CA,2020-11-04 07:08:15,55.74,-97.86,23.0,100,90,2.24
204,Batagay-Alyta,RU,2020-11-04 07:08:15,67.8,130.41,-2.85,90,53,2.17
205,Fortuna,US,2020-11-04 07:08:16,40.6,-124.16,54.0,100,90,3.36
206,Griffith,US,2020-11-04 07:05:39,41.53,-87.42,53.01,62,1,11.41
207,Tuatapere,NZ,2020-11-04 07:08:16,-46.13,167.68,60.01,86,12,8.01
208,Kavieng,PG,2020-11-04 07:08:16,-2.57,150.8,85.1,71,100,5.68
209,Codrington,AU,2020-11-04 07:08:16,-38.27,141.97,55.63,72,23,16.89
210,Haines Junction,CA,2020-11-04 07:08:16,60.75,-137.51,-2.2,84,100,1.12
211,Koshurnikovo,RU,2020-11-04 07:08:17,54.17,93.3,27.23,95,100,8.39
212,Coquimbo,CL,2020-11-04 07:08:17,-29.95,-71.34,53.6,93,100,4.7
213,Viedma,AR,2020-11-04 07:08:17,-40.81,-63.0,69.01,62,100,4.0
214,Mayo,US,2020-11-04 07:08:17,38.89,-76.51,46.4,93,1,4.61
215,Najran,SA,2020-11-04 07:08:17,17.49,44.13,73.4,18,0,4.7
216,Vila Franca Do Campo,PT,2020-11-04 07:08:17,37.72,-25.43,59.0,67,75,5.82
217,Jamame,SO,2020-11-04 07:08:17,0.07,42.75,84.6,66,82,10.71
218,Morehead,US,2020-11-04 07:08:18,37.27,-87.18,53.6,80,1,6.53
219,Russell,US,2020-11-04 07:08:18,32.35,-85.2,46.4,93,1,3.31
220,Aguimes,ES,2020-11-04 07:08:18,27.91,-15.45,69.8,77,20,20.8
221,San Clemente,US,2020-11-04 07:08:18,33.43,-117.61,60.01,95,0,1.97
222,Wangqing,CN,2020-11-04 07:08:18,43.32,129.76,37.71,54,0,10.13
223,Gushi,CN,2020-11-04 07:08:18,34.64,109.58,66.54,33,96,4.09
224,Cherskiy,RU,2020-11-04 07:08:18,68.75,161.3,-4.18,84,100,6.31
225,Imbituba,BR,2020-11-04 07:08:19,-28.24,-48.67,62.6,77,0,5.82
226,San Vicente,AR,2020-11-04 07:08:19,-26.62,-54.13,54.73,84,0,5.35
227,Batemans Bay,AU,2020-11-04 07:08:19,-35.72,150.18,73.0,51,96,5.99
228,Hithadhoo,MV,2020-11-04 07:03:59,-0.6,73.08,83.91,69,63,6.49
229,Ugoofaaru,MV,2020-11-04 07:05:48,5.67,73.0,82.42,66,0,2.08
230,Saint George,US,2020-11-04 07:08:19,37.1,-113.58,63.0,33,1,10.29
231,Uarini,BR,2020-11-04 07:08:19,-2.99,-65.11,73.99,96,100,1.21
232,Ingham,US,2020-11-04 07:08:19,42.6,-84.38,52.0,53,1,6.93
233,Touros,BR,2020-11-04 07:04:49,-5.2,-35.46,75.2,88,40,3.36
234,Balikpapan,ID,2020-11-04 07:08:20,-1.27,116.83,86.0,74,20,6.93
235,Iracoubo,GF,2020-11-04 07:08:20,5.48,-53.2,77.59,90,100,9.57
236,Kemijarvi,FI,2020-11-04 07:08:20,66.71,27.43,34.72,90,0,9.91
237,Nikolskoye,RU,2020-11-04 07:08:20,59.7,30.79,44.01,93,40,4.47
238,Wolfeboro,US,2020-11-04 07:08:20,43.58,-71.21,30.2,63,90,1.01
239,Kropotkin,RU,2020-11-04 07:08:20,45.44,40.58,57.69,56,41,16.64
240,Zanjan,IR,2020-11-04 07:08:21,36.67,48.48,59.0,54,20,9.17
241,Ust-Kan,RU,2020-11-04 07:08:21,50.93,84.76,22.96,87,100,2.06
242,Airai,TL,2020-11-04 07:08:21,-8.93,125.41,77.0,53,100,4.16
243,Mount Isa,AU,2020-11-04 07:08:21,-20.73,139.5,102.2,13,0,5.82
244,Numan,NG,2020-11-04 07:08:06,9.47,12.03,84.49,33,77,1.57
245,Pevek,RU,2020-11-04 07:08:21,69.7,170.31,-1.91,88,0,9.89
246,Manokwari,ID,2020-11-04 07:08:21,-0.87,134.08,83.5,71,100,2.44
247,Ambilobe,MG,2020-11-04 07:08:22,-13.2,49.05,94.59,29,37,3.2
248,Ko Samui,TH,2020-11-04 07:08:22,9.54,99.94,89.6,59,20,6.93
249,Niquelandia,BR,2020-11-04 07:08:22,-14.47,-48.46,68.05,92,100,1.61
250,Yenotayevka,RU,2020-11-04 07:08:22,47.25,47.03,55.67,39,0,3.98
251,Lahij,YE,2020-11-04 07:08:22,13.17,44.58,79.63,52,27,7.9
252,Provideniya,RU,2020-11-04 07:08:22,64.38,-173.3,19.8,86,36,7.56
253,Pierre,US,2020-11-04 07:07:22,44.37,-100.35,50.0,43,1,9.17
254,Hvolsvollur,IS,2020-11-04 07:08:23,63.75,-20.22,48.2,93,90,25.28
255,Castrillon,ES,2020-11-04 07:08:23,43.4,-6.79,46.4,87,75,8.05
256,Hun,LY,2020-11-04 07:04:15,29.13,15.95,63.68,52,0,7.14
257,Fairbanks,US,2020-11-04 07:05:33,64.84,-147.72,-22.0,67,20,0.6
258,Namie,JP,2020-11-04 07:08:23,37.48,141.0,52.0,58,7,7.56
259,Sur,OM,2020-11-04 07:08:23,22.57,59.53,84.16,22,0,3.98
260,Buala,SB,2020-11-04 07:08:23,-8.14,159.59,82.94,77,100,6.4
261,Mae Ramat,TH,2020-11-04 07:08:24,16.98,98.52,89.6,52,20,4.7
262,Mecca,SA,2020-11-04 07:08:24,21.43,39.83,84.88,49,0,3.71
263,Port Keats,AU,2020-11-04 07:08:24,-14.25,129.55,85.91,65,100,9.91
264,Simpang,ID,2020-11-04 07:08:24,-1.27,104.08,78.31,90,100,3.51
265,Turayf,SA,2020-11-04 07:08:24,31.67,38.66,60.8,72,5,8.05
266,Flinders,AU,2020-11-04 07:08:24,-34.58,150.86,77.0,67,100,1.99
267,Bengkulu,ID,2020-11-04 07:08:25,-3.8,102.27,84.18,66,100,8.3
268,Talara,PE,2020-11-04 07:08:25,-4.58,-81.27,62.24,82,2,14.05
269,Laramie,US,2020-11-04 07:06:14,41.31,-105.59,52.0,48,1,3.36
270,Marsh Harbour,BS,2020-11-04 07:08:25,26.54,-77.06,74.75,67,22,22.95
271,Mayor Pablo Lagerenza,PY,2020-11-04 07:08:25,-19.93,-60.77,67.69,41,0,1.63
272,Lazaro Cardenas,MX,2020-11-04 07:07:19,17.96,-102.2,75.27,54,0,4.23
273,Faya,SA,2020-11-04 07:08:25,18.39,42.45,64.4,59,20,5.82
274,Lyantonde,UG,2020-11-04 07:08:25,-0.4,31.16,72.64,74,72,4.61
275,Matara,LK,2020-11-04 07:08:26,5.95,80.54,85.57,70,56,8.81
276,Broken Hill,AU,2020-11-04 07:08:26,-31.95,141.43,73.4,46,75,27.51
277,Takab,IR,2020-11-04 07:08:26,36.4,47.11,59.38,40,0,5.46
278,Wagar,SD,2020-11-04 07:08:26,16.15,36.2,86.27,41,65,7.85
279,Clyde River,CA,2020-11-04 07:08:26,70.47,-68.59,8.6,65,75,13.87
280,Berezovyy,RU,2020-11-04 07:08:26,51.67,135.7,23.68,85,20,7.49
281,Lata,PT,2020-11-04 07:08:27,40.16,-8.33,50.0,79,100,1.99
282,Tatawin,TN,2020-11-04 07:08:27,32.93,10.45,62.6,51,0,4.7
283,Riyadh,SA,2020-11-04 07:04:31,24.69,46.72,78.8,27,0,2.24
284,Yakeshi,CN,2020-11-04 07:08:27,49.28,120.73,21.79,95,3,5.61
285,Tommot,RU,2020-11-04 07:08:27,58.96,126.29,18.72,95,99,8.08
286,Olinda,BR,2020-11-04 07:08:27,-8.01,-34.86,80.6,74,40,6.93
287,Gat,IL,2020-11-04 07:08:27,31.61,34.76,66.2,82,20,13.87
288,Boffa,GN,2020-11-04 07:08:28,10.17,-14.03,76.69,90,0,0.78
289,Jining,CN,2020-11-04 07:08:28,35.41,116.58,65.12,27,100,10.71
290,Aginskoye,RU,2020-11-04 07:08:28,51.1,114.53,30.13,89,0,10.69
291,Nuuk,GL,2020-11-04 07:08:28,64.18,-51.72,33.8,80,100,29.97
292,Paracuru,BR,2020-11-04 07:08:28,-3.41,-39.03,80.01,76,67,17.0
293,Esperance,AU,2020-11-04 07:06:00,-33.87,121.9,62.6,59,75,17.22
294,Totness,SR,2020-11-04 07:08:28,5.88,-56.32,77.23,88,32,10.11
295,Baykit,RU,2020-11-04 07:08:28,61.67,96.37,21.65,93,100,8.39
296,Gigmoto,PH,2020-11-04 07:08:29,13.78,124.39,78.58,88,100,10.13
297,Aykhal,RU,2020-11-04 07:08:29,66.0,111.5,1.4,84,40,4.47
298,Sarny,UA,2020-11-04 07:08:29,51.34,26.6,46.36,78,35,9.75
299,Midland,US,2020-11-04 07:04:31,32.0,-102.08,60.8,47,1,9.17
300,Te Anau,NZ,2020-11-04 07:08:29,-45.42,167.72,57.78,88,100,4.09
301,Port Lincoln,AU,2020-11-04 07:08:29,-34.73,135.87,57.74,62,81,19.01
302,Shinichi,JP,2020-11-04 07:08:29,34.55,133.27,57.99,50,20,5.82
303,Kununurra,AU,2020-11-04 07:08:30,-15.77,128.73,104.0,23,100,6.93
304,Chernyshevskiy,RU,2020-11-04 07:08:30,63.01,112.47,16.56,97,100,3.96
305,Chokurdakh,RU,2020-11-04 07:08:30,70.63,147.92,-17.73,80,0,0.98
306,Sola,VU,2020-11-04 07:08:30,-13.88,167.55,81.72,82,43,10.69
307,Ancud,CL,2020-11-04 07:08:30,-41.87,-73.82,51.01,93,75,11.41
308,Winslow,US,2020-11-04 07:07:02,35.02,-110.7,50.0,46,1,4.7
309,Catalao,BR,2020-11-04 07:08:31,-18.17,-47.95,61.29,89,0,2.48
310,El Tarra,CO,2020-11-04 07:08:31,8.58,-73.09,73.92,82,98,2.01
311,Mitu,CO,2020-11-04 07:08:31,1.2,-70.17,72.37,98,100,2.01
312,Fort Walton Beach,US,2020-11-04 07:08:31,30.41,-86.62,53.01,81,1,5.82
313,Sabzevar,IR,2020-11-04 07:08:31,36.21,57.68,64.4,22,0,13.87
314,Sao Joao Da Barra,BR,2020-11-04 07:08:31,-21.64,-41.05,70.45,75,100,6.49
315,Mascota,MX,2020-11-04 07:08:31,20.52,-104.78,75.0,77,0,2.98
316,Tarko-Sale,RU,2020-11-04 07:08:31,64.92,77.78,25.34,98,100,8.21
317,Davila,PH,2020-11-04 07:08:32,18.47,120.58,87.8,58,75,13.87
318,Vikhorevka,RU,2020-11-04 07:08:32,56.12,101.16,26.6,68,75,11.18
319,Kodiak,US,2020-11-04 07:08:01,57.79,-152.41,28.4,46,1,14.99
320,Khatanga,RU,2020-11-04 07:08:32,71.97,102.5,-2.88,93,72,7.36
321,Cananea,MX,2020-11-04 07:08:32,30.95,-110.3,63.0,47,100,0.94
322,La Orilla,MX,2020-11-04 07:08:33,17.98,-102.23,74.68,53,0,4.03
323,Nicoya,CR,2020-11-04 07:08:33,10.15,-85.45,73.0,95,100,2.55
324,Indiana,US,2020-11-04 07:08:33,40.0,-86.25,50.0,70,1,9.17
325,Sri Aman,MY,2020-11-04 07:08:33,1.24,111.46,82.4,83,75,2.24
326,Yulara,AU,2020-11-04 07:08:33,-25.24,130.99,96.8,16,100,9.17
327,Leshukonskoye,RU,2020-11-04 07:08:33,64.9,45.76,43.12,86,87,9.48
328,Mujiayingzi,CN,2020-11-04 07:05:09,42.12,118.78,50.63,39,0,12.26
329,Aripuana,BR,2020-11-04 07:08:33,-9.17,-60.63,72.75,89,96,1.79
330,Tabuk,PH,2020-11-04 07:08:34,17.42,121.44,75.63,82,73,12.59
331,Muravlenko,RU,2020-11-04 07:08:34,63.79,74.52,31.98,99,100,23.06
332,San Patricio,US,2020-11-04 07:08:34,28.02,-97.52,60.8,93,1,3.85
333,Kaniama,CD,2020-11-04 07:08:34,-7.57,24.18,77.99,79,96,0.92
334,Ahipara,NZ,2020-11-04 07:08:34,-35.17,173.17,63.9,87,100,10.09
335,Half Moon Bay,US,2020-11-04 07:08:34,37.46,-122.43,55.4,87,90,4.63
336,Labuhan,ID,2020-11-04 07:08:34,-6.88,112.21,86.11,70,64,9.82
337,Byron Bay,AU,2020-11-04 07:08:35,-28.65,153.62,72.0,56,0,11.41
338,Santa Cruz,BO,2020-11-04 07:05:30,-17.8,-63.17,75.2,50,0,8.05
339,Kirkland Lake,CA,2020-11-04 07:07:13,48.14,-80.04,24.8,100,92,8.48
340,Nelson Bay,AU,2020-11-04 07:08:35,-32.72,152.15,75.2,60,0,10.29
341,Uthal,PK,2020-11-04 07:08:35,25.81,66.62,84.67,14,0,4.59
342,Walvis Bay,NA,2020-11-04 07:08:35,-22.96,14.51,57.0,100,90,4.7
343,Muros,ES,2020-11-04 07:08:35,42.78,-9.06,43.0,95,99,8.61
344,Rudbar,AF,2020-11-04 07:08:36,30.15,62.6,74.66,18,0,9.69
345,Broome,US,2020-11-04 07:08:36,42.25,-75.83,33.8,80,1,5.82
346,Aklavik,CA,2020-11-04 07:08:36,68.22,-135.01,5.0,77,5,3.36
347,Saint-Pierre,RE,2020-11-04 07:08:36,-21.34,55.48,80.6,42,20,12.75
348,Hanna,CA,2020-11-04 07:08:36,51.63,-111.9,42.01,59,76,1.99
349,Neiafu,TO,2020-11-04 07:08:36,-18.65,-173.98,77.0,78,40,14.99
350,Bongandanga,CD,2020-11-04 07:08:36,1.5,21.05,77.9,88,100,1.41
351,Lorengau,PG,2020-11-04 07:08:36,-2.02,147.27,84.15,72,43,4.38
352,Ucar,AZ,2020-11-04 07:05:17,40.52,47.65,62.6,72,75,4.7
353,Bombay,IN,2020-11-04 07:04:06,19.01,72.85,93.2,32,40,4.7
354,Coihaique,CL,2020-11-04 07:08:37,-45.58,-72.07,48.02,85,100,2.82
355,Rantauprapat,ID,2020-11-04 07:08:37,2.1,99.83,86.2,64,100,3.65
356,Praxedis Guerrero,MX,2020-11-04 07:08:37,31.37,-106.02,60.8,36,20,4.7
357,Saint Anthony,US,2020-11-04 07:08:37,45.02,-93.22,55.4,57,1,5.55
358,La Rioja,ES,2020-11-04 07:08:37,42.25,-2.5,46.0,86,40,3.36
359,Ossora,RU,2020-11-04 07:08:37,59.24,163.07,40.66,92,100,28.77
360,Mitsamiouli,KM,2020-11-04 07:08:38,-11.38,43.28,79.92,67,2,7.7
361,Benghazi,LY,2020-11-04 07:08:38,32.12,20.07,71.67,57,100,11.92
362,Grand Gaube,MU,2020-11-04 07:08:38,-20.01,57.66,78.01,54,0,8.01
363,A Coruna,ES,2020-11-04 07:08:38,43.37,-8.4,48.0,100,40,3.36
364,San Luis,AR,2020-11-04 07:08:38,-33.3,-66.34,69.71,32,46,17.76
365,Beringovskiy,RU,2020-11-04 07:08:38,63.05,179.32,28.62,96,100,12.24
366,Bandarbeyla,SO,2020-11-04 07:08:39,9.49,50.81,79.29,65,5,18.1
367,Mega,ET,2020-11-04 07:08:39,4.05,38.3,66.13,74,82,14.52
368,Maku,IR,2020-11-04 07:08:39,39.29,44.45,59.0,62,40,5.82
369,Maningrida,AU,2020-11-04 07:08:39,-12.07,134.27,87.53,56,100,12.57
370,Oil City,US,2020-11-04 07:08:39,41.43,-79.71,44.01,60,1,10.29
371,Anadyr,RU,2020-11-04 07:08:39,64.75,177.48,15.8,61,75,8.95
372,Tocopilla,CL,2020-11-04 07:08:39,-22.09,-70.2,59.18,64,59,1.43
373,Zhanaozen,KZ,2020-11-04 07:08:39,43.3,52.8,67.44,22,100,22.44
374,Zelenogorskiy,RU,2020-11-04 07:08:40,55.03,87.0,28.4,74,90,15.66
375,Bud,US,2020-11-04 07:08:40,39.45,-86.18,52.0,80,1,8.95
376,San Buenaventura,MX,2020-11-04 07:08:40,27.08,-101.53,58.93,58,0,0.78
377,Deputatskiy,RU,2020-11-04 07:08:40,69.3,139.9,-17.88,86,0,1.74
378,Moerai,PF,2020-11-04 07:08:40,-22.43,-151.33,77.31,80,100,7.38
379,Salalah,OM,2020-11-04 07:08:41,17.02,54.09,84.2,45,0,2.24
380,Bereda,ES,2020-11-04 07:08:41,43.27,-7.54,41.0,100,53,1.99
381,Garowe,SO,2020-11-04 07:08:41,8.41,48.48,82.29,37,0,9.33
382,Iqaluit,CA,2020-11-04 07:08:41,63.75,-68.51,8.6,71,40,35.57
383,Niteroi,BR,2020-11-04 07:08:41,-22.88,-43.1,66.2,88,75,2.24
384,Gidole,ET,2020-11-04 07:08:41,5.65,37.37,65.66,69,95,4.83
385,Xuddur,SO,2020-11-04 07:08:41,4.12,43.89,81.19,65,4,10.31
386,Nola,IT,2020-11-04 07:08:42,40.92,14.53,57.0,66,100,1.32
387,Zupanja,HR,2020-11-04 07:08:42,45.08,18.7,53.6,100,90,8.05
388,Okhotsk,RU,2020-11-04 07:08:42,59.38,143.3,29.89,94,100,10.33
389,Namibe,AO,2020-11-04 07:08:42,-15.2,12.15,70.9,62,0,5.06
390,Pinega,RU,2020-11-04 07:08:42,64.7,43.39,43.03,89,27,8.19
391,Kamaishi,JP,2020-11-04 07:08:42,39.27,141.88,46.4,61,40,11.41
392,Ostrovnoy,RU,2020-11-04 07:08:42,68.05,39.51,36.19,89,100,16.42
393,Kletnya,RU,2020-11-04 07:08:42,53.39,33.22,44.6,100,90,4.47
394,Agirish,RU,2020-11-04 07:08:43,61.92,63.02,36.39,83,100,12.39
395,Seoul,KR,2020-11-04 07:04:14,37.57,126.98,51.8,18,1,6.08
396,Charters Towers,AU,2020-11-04 07:08:43,-20.1,146.27,91.87,22,0,10.85
397,Haimen,CN,2020-11-04 07:08:43,23.19,116.61,78.8,41,20,11.18
398,Cap Malheureux,MU,2020-11-04 07:08:43,-19.98,57.61,78.01,54,0,8.01
399,Sitka,US,2020-11-04 07:08:43,57.05,-135.33,39.2,80,40,10.29
400,Honiara,SB,2020-11-04 07:08:43,-9.43,159.95,86.0,70,75,2.24
401,Carmelo,UY,2020-11-04 07:08:43,-33.99,-58.29,62.6,77,0,14.99
402,Maryville,US,2020-11-04 07:08:44,35.76,-83.97,44.01,86,1,3.36
403,Ulaanbaatar,MN,2020-11-04 07:05:25,47.91,106.88,35.6,37,75,4.47
404,Whakatane,NZ,2020-11-04 07:08:44,-37.96,176.99,64.0,95,100,4.0
405,Mahina,PF,2020-11-04 07:08:44,-17.51,-149.49,80.6,69,75,5.82
406,Lebyazhye,RU,2020-11-04 07:08:44,55.27,66.49,35.4,83,0,15.05
407,Grindavik,IS,2020-11-04 07:08:44,63.84,-22.43,46.4,100,90,28.86
408,Husavik,IS,2020-11-04 07:08:45,66.04,-17.34,44.6,70,90,23.04
409,Camacha,PT,2020-11-04 07:08:45,33.08,-16.33,62.6,72,40,16.11
410,Chotila,IN,2020-11-04 07:08:45,22.42,71.18,91.4,26,0,5.82
411,Fort Nelson,CA,2020-11-04 07:08:45,58.81,-122.7,10.4,85,90,3.36
412,Presidente Medici,BR,2020-11-04 07:08:45,-11.18,-61.9,72.7,81,62,0.76
413,Reftinskiy,RU,2020-11-04 07:08:46,57.09,61.68,39.2,68,0,11.36
414,Lae,PG,2020-11-04 07:08:46,-6.72,146.98,84.2,62,40,17.22
415,Alice Springs,AU,2020-11-04 07:06:55,-23.7,133.88,100.4,6,0,12.75
416,Roald,NO,2020-11-04 07:08:46,62.58,6.13,44.6,75,75,17.22
417,Port Hedland,AU,2020-11-04 07:08:46,-20.32,118.57,98.6,27,0,16.11
418,Teya,RU,2020-11-04 07:08:46,60.38,92.63,22.35,92,100,9.4
419,Pemangkat,ID,2020-11-04 07:08:46,1.17,108.97,83.08,72,100,7.9
420,Kutum,SD,2020-11-04 07:08:46,14.2,24.67,73.2,23,0,15.68
421,Georgiyevka,KZ,2020-11-04 07:08:47,43.04,74.71,53.6,30,0,4.47
422,Kalundborg,DK,2020-11-04 07:08:47,55.68,11.09,48.2,81,100,13.87
423,Aleksandrovka,UA,2020-11-04 07:08:47,46.84,32.76,46.4,100,90,11.18
424,Cascais,PT,2020-11-04 07:06:01,38.7,-9.42,54.0,85,0,21.79
425,Sfantu Gheorghe,RO,2020-11-04 07:08:47,45.87,25.78,46.0,76,46,5.99
426,Bintulu,MY,2020-11-04 07:08:47,3.17,113.03,87.8,70,40,8.05
427,Barranca,PE,2020-11-04 07:08:47,-10.75,-77.77,58.68,91,36,2.71
428,Karonga,MW,2020-11-04 07:08:47,-9.93,33.93,83.62,45,92,10.92
429,Worcester,US,2020-11-04 07:07:21,42.33,-71.83,30.2,58,90,3.36
430,Rajshahi,BD,2020-11-04 07:04:12,24.37,88.6,87.4,25,0,10.0
431,Aksarka,RU,2020-11-04 07:08:48,66.56,67.8,33.76,99,100,11.41
432,Saint-Francois,FR,2020-11-04 07:08:48,46.42,3.91,37.0,100,90,3.36
433,Shingu,JP,2020-11-04 07:08:48,33.73,135.98,60.8,48,20,17.22
434,Robertson,US,2020-11-04 07:08:48,36.52,-86.87,44.6,81,1,3.36
435,Kupino,RU,2020-11-04 07:08:49,54.37,77.3,32.47,86,94,17.83
436,Baiao,BR,2020-11-04 07:08:49,-2.79,-49.67,72.73,93,97,1.39
437,Mirnyy,RU,2020-11-04 07:08:49,62.54,113.96,19.4,79,75,4.47
438,Constitucion,CL,2020-11-04 07:08:49,-35.33,-72.42,54.0,64,80,9.69
439,Antofagasta,CL,2020-11-04 07:08:49,-23.65,-70.4,59.0,77,90,4.7
440,Ceres,US,2020-11-04 07:06:27,37.59,-120.96,60.8,48,1,4.05
441,Eureka,US,2020-11-04 07:08:49,40.8,-124.16,54.0,93,75,4.7
442,Bonthe,SL,2020-11-04 07:08:50,7.53,-12.51,77.86,87,60,2.06
443,Piacabucu,BR,2020-11-04 07:08:50,-10.41,-36.43,75.22,86,47,7.67
444,Hammerfest,NO,2020-11-04 07:08:50,70.66,23.68,41.0,60,0,16.11
445,Casablanca,MA,2020-11-04 07:08:50,33.59,-7.62,64.0,100,75,4.7
446,Kibala,TD,2020-11-04 07:08:50,9.11,18.35,77.0,78,0,4.5
447,Rawson,AR,2020-11-04 07:08:50,-43.3,-65.1,71.67,32,100,13.22
448,Pavelets,RU,2020-11-04 07:08:50,53.79,39.25,45.0,86,97,3.91
449,Ascope,PE,2020-11-04 07:08:51,-7.71,-79.11,57.78,82,2,0.94
450,Conceicao Do Araguaia,BR,2020-11-04 07:08:51,-8.26,-49.26,72.0,96,100,5.61
451,Isangel,VU,2020-11-04 07:08:51,-19.55,169.27,77.27,81,100,6.96
452,Aracati,BR,2020-11-04 07:08:51,-4.56,-37.77,77.49,80,94,6.64
453,Mehamn,NO,2020-11-04 07:08:51,71.04,27.85,41.0,69,0,13.87
454,Jizan,SA,2020-11-04 07:08:51,17.33,42.67,87.8,66,40,12.75
455,Kuala Terengganu,MY,2020-11-04 07:08:52,5.33,103.14,75.2,100,40,4.7
456,Waingapu,ID,2020-11-04 07:08:52,-9.66,120.26,89.96,55,1,13.73
457,Kaputa,ZM,2020-11-04 07:08:52,-8.47,29.66,81.12,50,94,4.45
458,Montale,IT,2020-11-04 07:08:52,43.94,11.02,59.0,97,96,0.76
459,Acapulco,MX,2020-11-04 07:08:52,16.86,-99.89,77.07,66,0,4.92
460,Lucea,JM,2020-11-04 07:07:56,18.45,-78.17,78.8,83,75,8.05
461,Palma,ES,2020-11-04 07:08:53,39.57,2.65,62.01,82,98,10.29
462,Syamzha,RU,2020-11-04 07:08:53,60.02,41.06,43.59,89,10,7.87
463,Itarema,BR,2020-11-04 07:08:53,-2.92,-39.92,78.4,81,67,8.37
464,Alugan,PH,2020-11-04 07:08:53,12.22,125.48,80.87,85,100,11.39
465,Taoudenni,ML,2020-11-04 07:08:53,22.68,-3.98,72.75,21,0,5.03
466,Barra Do Garcas,BR,2020-11-04 07:08:53,-15.89,-52.26,73.85,51,99,2.62
467,Gander,CA,2020-11-04 07:08:53,48.97,-54.59,30.2,92,90,17.22
468,Pimentel,PE,2020-11-04 07:08:53,-6.84,-79.93,60.91,90,25,8.59
469,Dudinka,RU,2020-11-04 07:08:54,69.41,86.18,-4.0,83,0,2.24
470,Richards Bay,ZA,2020-11-04 07:08:54,-28.78,32.04,82.54,61,95,2.98
471,Maldonado,UY,2020-11-04 07:08:54,-34.67,-54.92,53.6,87,20,5.82
472,Port Hardy,CA,2020-11-04 07:08:54,50.7,-127.42,50.0,93,75,9.17
473,Labuan,MY,2020-11-04 07:08:54,5.28,115.24,87.8,70,20,4.7
474,Asilah,MA,2020-11-04 07:08:34,35.47,-6.03,60.8,72,0,6.93
475,Dakar,SN,2020-11-04 07:05:31,14.69,-17.44,75.2,88,0,10.33
476,Pacific Grove,US,2020-11-04 07:08:55,36.62,-121.92,51.8,81,1,5.82
477,Imeni Tsyurupy,RU,2020-11-04 07:08:55,55.5,38.65,46.4,93,90,4.47
478,Newark,US,2020-11-04 07:06:17,40.74,-74.17,46.4,59,20,5.82
479,Puerto Ayacucho,VE,2020-11-04 07:08:55,5.66,-67.62,75.69,92,88,3.11
480,Hautmont,FR,2020-11-04 07:08:55,50.25,3.92,36.0,37,0,5.1
481,Portland,US,2020-11-04 07:07:10,45.52,-122.68,61.0,82,75,8.05
482,Masvingo,ZW,2020-11-04 07:08:55,-20.06,30.83,76.98,54,100,4.23
483,Netrakona,BD,2020-11-04 07:08:56,24.88,90.72,84.88,46,2,5.66
484,Talnakh,RU,2020-11-04 07:08:56,69.49,88.4,-4.0,83,0,2.24
485,Hikone,JP,2020-11-04 07:08:56,35.25,136.25,59.0,55,44,1.01
486,Vynohradove,UA,2020-11-04 07:08:56,46.37,32.94,46.4,100,90,11.18
487,Bida,NG,2020-11-04 07:08:56,9.08,6.02,79.95,52,100,3.38
488,Corod,RO,2020-11-04 07:08:56,45.9,27.62,47.79,76,0,10.49
489,Kudahuvadhoo,MV,2020-11-04 07:08:56,2.67,72.89,83.62,66,90,4.7
490,Parati,BR,2020-11-04 07:04:08,-23.22,-44.71,64.31,84,63,2.98
491,Saint-Augustin,CA,2020-11-04 07:08:57,51.23,-58.65,24.04,77,33,12.95
492,Kashiwazaki,JP,2020-11-04 07:08:57,37.37,138.55,45.0,93,98,13.65
493,Tiznit,MA,2020-11-04 07:08:57,29.58,-9.5,61.9,47,100,0.98
494,Bundaberg,AU,2020-11-04 07:06:36,-24.85,152.35,79.0,44,3,10.29
495,Vangaindrano,MG,2020-11-04 07:08:57,-23.35,47.6,78.84,63,36,10.58
496,Turukhansk,RU,2020-11-04 07:08:57,65.82,87.98,12.36,96,99,4.52
497,Horsham,GB,2020-11-04 07:08:58,51.06,-0.33,39.0,87,0,1.12
498,Trelew,AR,2020-11-04 07:08:58,-43.25,-65.31,73.38,30,100,14.27
499,Cockburn Town,TC,2020-11-04 07:08:58,21.46,-71.14,81.91,77,100,16.46
500,Donduseni,MD,2020-11-04 07:08:58,48.24,27.61,44.64,85,0,5.19
501,Rio Esteban,HN,2020-11-04 07:08:58,15.83,-86.3,80.6,94,75,17.22
502,Kurilsk,RU,2020-11-04 07:08:58,45.23,147.88,39.67,74,100,25.34
503,Crateus,BR,2020-11-04 07:08:58,-5.18,-40.68,75.74,80,98,4.92
504,Henties Bay,NA,2020-11-04 07:08:59,-22.12,14.28,57.0,93,21,5.75
505,Sangar,RU,2020-11-04 07:08:08,63.92,127.47,-3.08,91,26,4.72
506,Plettenberg Bay,ZA,2020-11-04 07:08:59,-34.05,23.37,70.95,67,43,6.08
507,Omaruru,NA,2020-11-04 07:08:59,-21.43,15.93,71.76,22,0,4.9
508,Hofn,IS,2020-11-04 07:08:59,64.25,-15.21,44.98,64,100,11.1
509,Sarande,AL,2020-11-04 07:08:59,39.88,20.01,66.0,93,20,1.12
510,Mapiripan,CO,2020-11-04 07:08:59,2.89,-72.13,73.13,96,100,3.44
511,Progreso,MX,2020-11-04 07:08:59,21.28,-89.67,75.2,83,75,15.73
512,Ostersund,SE,2020-11-04 07:09:00,63.18,14.64,37.4,74,0,10.29
513,Lumut,MY,2020-11-04 07:09:00,4.23,100.63,82.4,83,20,3.36
514,Voh,NC,2020-11-04 07:09:00,-20.97,164.7,75.04,82,99,4.07
515,Xiaoweizhai,CN,2020-11-04 07:09:00,26.19,107.51,59.31,60,50,2.93
516,Inhambane,MZ,2020-11-04 07:09:00,-23.86,35.38,82.4,69,20,11.41
517,Padang,ID,2020-11-04 07:09:00,-0.95,100.35,85.5,59,100,5.01
518,Sinnamary,GF,2020-11-04 07:09:00,5.38,-52.95,78.51,88,100,10.49
519,Bilibino,RU,2020-11-04 07:09:01,68.05,166.44,-6.41,78,100,4.68
520,Sampit,ID,2020-11-04 07:09:01,-2.53,112.95,93.51,48,96,2.3
521,Clemson,US,2020-11-04 07:09:01,34.68,-82.84,48.99,93,1,2.89
522,Machinga,MW,2020-11-04 07:09:01,-15.17,35.3,84.99,32,0,8.75
523,Alexandria,EG,2020-11-04 07:09:01,31.22,29.96,68.0,77,40,9.17
524,Saint-Georges,GD,2020-11-04 07:09:02,12.06,-61.75,82.4,74,20,17.22
525,Makaha,US,2020-11-04 07:09:02,21.47,-158.22,80.6,83,75,8.88
526,Madang,PG,2020-11-04 07:09:02,-5.22,145.8,77.95,85,100,0.74
527,Casper,US,2020-11-04 07:08:05,42.87,-106.31,50.0,36,1,9.17
528,Traverse City,US,2020-11-04 07:07:54,44.76,-85.62,60.8,41,1,13.87
529,Waitakere,NZ,2020-11-04 07:09:02,-36.92,174.66,66.99,82,100,17.22
530,Bukachacha,RU,2020-11-04 07:09:02,52.98,116.92,27.86,78,51,3.2
531,Nome,US,2020-11-04 07:09:02,64.5,-165.41,24.8,73,40,19.46
532,Columbus,US,2020-11-04 07:05:57,39.96,-83.0,46.0,70,1,6.98
533,Saint-Paul,RE,2020-11-04 07:09:03,-21.01,55.27,80.6,42,14,17.22
534,Campana,AR,2020-11-04 07:09:03,-34.17,-58.96,63.0,87,0,8.99
535,Baghdad,IQ,2020-11-04 07:08:23,33.34,44.4,78.8,34,20,2.24
536,Vestmannaeyjar,IS,2020-11-04 07:09:03,63.44,-20.27,48.2,93,90,25.28
537,Mahibadhoo,MV,2020-11-04 07:09:03,3.78,72.97,83.77,64,0,0.89
538,Linxia,CN,2020-11-04 07:09:03,35.6,103.21,47.98,50,100,3.36
539,Pucallpa,PE,2020-11-04 07:09:03,-8.38,-74.55,73.87,78,96,2.01
540,Muli,MV,2020-11-04 07:09:04,2.92,73.57,83.39,66,100,2.08
541,Sakakah,SA,2020-11-04 07:09:04,29.97,40.21,69.8,56,0,7.92
542,Fuerte Olimpo,PY,2020-11-04 07:09:04,-21.04,-57.87,68.11,49,0,2.21
543,Raymond,US,2020-11-04 07:09:04,43.9,-70.47,28.99,86,34,1.81
544,Soyo,AO,2020-11-04 07:04:08,-6.13,12.37,78.8,94,75,5.82
545,Rupert,US,2020-11-04 07:09:04,42.62,-113.68,46.4,49,1,5.82
546,Grande Riviere Du Nord,HT,2020-11-04 07:09:04,19.58,-72.18,72.88,89,100,2.1
547,Lima,PE,2020-11-04 07:09:05,-12.04,-77.03,61.0,93,75,10.29
548,Strezhevoy,RU,2020-11-04 07:09:05,60.73,77.59,26.6,92,90,17.9
549,Timra,SE,2020-11-04 07:09:05,62.49,17.33,30.2,100,0,2.24
550,Mana,GF,2020-11-04 07:09:05,5.66,-53.78,77.11,89,100,5.61
551,Karasjok,NO,2020-11-04 07:09:05,69.47,25.51,33.8,74,0,9.17
552,Karlskrona,SE,2020-11-04 07:09:05,56.16,15.59,46.4,81,20,9.17
553,Nabire,ID,2020-11-04 07:07:08,-3.37,135.48,84.33,65,100,12.21
554,Mubi,NG,2020-11-04 07:09:06,10.27,13.26,82.15,31,8,11.32
555,Krasnyy Chikoy,RU,2020-11-04 07:09:06,50.36,108.75,33.84,84,77,0.96
556,Basco,PH,2020-11-04 07:09:06,20.45,121.97,77.59,76,100,28.07
557,Lodja,CD,2020-11-04 07:09:06,-3.48,23.43,74.32,90,100,1.83
558,Ibra,OM,2020-11-04 07:09:06,22.69,58.53,85.32,13,0,3.62
559,Chuy,UY,2020-11-04 07:09:06,-33.7,-53.46,53.46,75,0,7.54
560,Lamu,KE,2020-11-04 07:09:06,-2.27,40.9,84.2,66,75,8.05
561,Krasnoselkup,RU,2020-11-04 07:09:07,65.7,82.47,12.76,96,100,7.05
562,Doha,QA,2020-11-04 07:08:55,25.29,51.53,86.0,37,0,4.7
563,Porosozero,RU,2020-11-04 07:09:07,62.72,32.73,43.27,86,90,9.95
564,Adre,TD,2020-11-04 07:09:07,13.47,22.2,79.56,24,0,21.09
565,Galesong,ID,2020-11-04 07:09:07,-5.32,119.37,85.87,72,100,6.38
566,Tebingtinggi,ID,2020-11-04 07:09:07,3.33,99.16,84.02,66,100,4.03
567,Trincomalee,LK,2020-11-04 07:09:07,8.57,81.23,82.72,73,6,9.48
568,Negombo,LK,2020-11-04 07:09:08,7.21,79.84,87.8,70,40,8.05
569,Nioro,GM,2020-11-04 07:09:08,13.35,-15.75,74.75,72,0,4.59
570,Omboue,GA,2020-11-04 07:09:08,-1.57,9.26,79.72,85,100,6.02
571,Ipu,BR,2020-11-04 07:09:08,-4.32,-40.71,74.75,83,66,4.54
572,Guerrero Negro,MX,2020-11-04 07:09:08,27.98,-114.06,67.87,77,0,8.99
573,Kalmunai,LK,2020-11-04 07:09:08,7.42,81.82,86.05,63,64,8.55
574,Makakilo City,US,2020-11-04 07:06:27,21.35,-158.09,80.6,74,90,4.7
